Date of acquisition,Date of measurement,LABEL,VARIETY,Location,Batch (Fogiene),WEIGHT (g),DIA1 (mm) - short width,DIA2 (mm) - long width,DIA3 (mm) - length,VOL_BEFORE (ml),VOL_AFTER (ml),VOLUME (ml),VISUAL_COLOR,VISUAL_MATURITY,VISUAL_DAMAGE (at spectral acquisition side),REMARKS,Distance to probe (cm),Presence of beak/nose,Density of water,Density of fruit,Ripening remarks
01-04-2023,03-04-2023,1,Badami,Chennapatna,1,223,67,73.62,89.19,1400,1640,240,green,immature,none,white lenticel formation,6.5,,0.935,0.929166667,
01-04-2023,03-04-2023,2,Badami,Chennapatna,1,277,71.28,81.17,97.46,1400,1700,300,green,immature,none,white lenticel formation,6,,0.935,0.923333333,
01-04-2023,03-04-2023,3,Badami,Chennapatna,1,210,66.51,71.95,86.33,1400,1630,230,green,immature,none,white lenticel formation slight bruise near 3B,7,,0.935,0.913043478,
01-04-2023,03-04-2023,4,Badami,Chennapatna,1,242,71.38,76.05,89.39,1400,1660,260,green,immature,none,white lenticel formation,6.5,,0.935,0.930769231,
01-04-2023,03-04-2023,5,Badami,Chennapatna,1,215,65.07,69.71,90.33,1400,1640,240,green,immature,none,white lenticel formation,6.5,,0.935,0.895833333,
01-04-2023,04-04-2023,6,Badami,Chennapatna,2,212,61.75,71.33,89.14,1360,1580,220,green,immature,black spots,"white lenticel formation, 
black spots covering A side",7.8,,0.935,0.963636364,
01-04-2023,04-04-2023,7,Badami,Chennapatna,2,211,65.77,72.19,82.65,1360,1580,220,green,immature,none,white lenticel with little scarf skin and black spots,7.8,,0.935,0.959090909,
01-04-2023,04-04-2023,8,Badami,Chennapatna,,,,,,,,0,green,immature,,suspected fruit fly so kept for check (only images data taken),,,0.935,,
01-04-2023,04-04-2023,9,Badami,Chennapatna,2,237,67.87,73.36,92.72,1360,1600,240,green,immature,none,"white lenticel formation with red blush near stem end, few black spots on shoulder",7.5,,0.935,0.9875,
01-04-2023,04-04-2023,10,Badami,Chennapatna,2,178,62.45,68.53,82.94,1360,1540,180,green,immature,black spots,"white lenticel formation, 
black spots covering B side",8.3,,0.935,0.988888889,
01-04-2023,04-04-2023,11,Badami,Chennapatna,2,261,69.52,79.4,96.93,1360,1640,280,green,immature,none,white lenticel formation,7.5,,0.935,0.932142857,
01-04-2023,05-04-2023,12,Badami,Chennapatna,3,307,74.31,78.16,95.24,1320,1600,280,green,immature,none,white lenticel formation,7.1,,0.935,1.096428571,
01-04-2023,05-04-2023,13,Badami,Chennapatna,3,259,72.5,74.57,95.97,1320,1580,260,green,immature,holes,"possible insect holes on A and B side, white lenticel formation",7.5,,0.935,0.996153846,
01-04-2023,05-04-2023,14,Badami,Chennapatna,3,220,68.64,68.99,85.53,1320,1520,200,green,immature,none,white lenticel formation,7.7,,0.935,1.1,
01-04-2023,05-04-2023,15,Badami,Chennapatna,3,232,65.08,74.1,91.15,1300,1560,260,green,immature,none,"black spots near label on A side, white lenticel formation",7.6,,0.935,0.892307692,
01-04-2023,05-04-2023,16,Badami,Chennapatna,3,235,66.73,75.34,92.65,1300,1560,260,green,immature,none,white lenticel formation,7.5,,0.935,0.903846154,
01-04-2023,05-04-2023,17,Badami,Chennapatna,3,179,62.78,67.34,82.07,1300,1500,200,green,immature,cut and black spots,"white lenticel formation, BLACK SPOTS ON a AND b SIDE AND POSSIBLE CUT ON A SIDE, BLACK BURN ON A SIDE NEAR SHOULDER,  SCARF SKIN ON LOWER PORTIONS",8.3,,0.935,0.895,
01-04-2023,06-04-2023,18,Badami,Chennapatna,4,243,67.57,74.99,89.09,660,900,240,green,immature,none,"white lenticel formation, black spots on the shoulder plus red blush",7.3,,0.935,1.0125,
01-04-2023,06-04-2023,19,Badami,Chennapatna,4,189,60.89,67.18,87.66,650,850,200,green,immature,none,"white lenticel formation, black spots on the shoulder",8.2,,0.935,0.945,
01-04-2023,06-04-2023,20,Badami,Chennapatna,4,247,68.22,75.17,92.08,650,900,250,green,immature,none,"white lenticel formation, slight red blush on the shoulder",7.6,,0.935,0.988,
01-04-2023,06-04-2023,21,Badami,Chennapatna,4,244,66.31,71.28,91.4,650,900,250,green,immature,black spots,"white lenticel formation, black spots on B side plus red blush on the shoulder",7.7,,0.935,0.976,
01-04-2023,06-04-2023,22,Badami,Chennapatna,4,246,67.56,75.08,90.1,650,900,250,green,immature,scarf skin and blck spots,"white lenticel formation, scarf skin and black spots",7.6,,0.935,0.984,
01-04-2023,06-04-2023,23,Badami,Chennapatna,4,221,64.82,71.24,89.46,640,880,240,green,immature,none,white lenticel formation,8.1,,0.935,0.920833333,
01-04-2023,10-04-2023,24,Badami,Chennapatna,5,229,63.97,73.4,94.68,590,830,240,green,immature,skin damaged ,"white lenticel formation, more soft than earlier taken, skin damaged on A side",8,,0.935,0.954166667,
01-04-2023,10-04-2023,25,Badami,Chennapatna,5,194,62.99,67.58,83.39,590,790,200,green,immature,none,"white lenticel formation, more soft than earlier taken, black spots on shoulder",8.4,,0.935,0.97,
01-04-2023,10-04-2023,26,Badami,Chennapatna,5,233,66.72,73.43,90.28,590,830,240,green,immature,physical injury,"white lenticel formation, more soft than earlier taken, bruise/cut on B side",7.9,,0.935,0.970833333,
01-04-2023,10-04-2023,27,Badami,Chennapatna,5,258,69.45,74.57,95.48,590,860,270,green,immature,black spots,"white lenticel formation, more soft than earlier taken, small black spots",7.5,,0.935,0.955555556,
01-04-2023,10-04-2023,28,Badami,Chennapatna,5,232,68.41,71.14,89.65,590,820,230,green,immature,none,"white lenticel formation, more soft than earlier taken",7.7,,0.935,1.008695652,
01-04-2023,10-04-2023,29,Badami,Chennapatna,6,207,63.36,68.29,91.4,580,790,210,green,immature,none,"white lenticel formation, more soft than earlier taken, scarf skin on shoulders",8.1,,0.935,0.985714286,
01-04-2023,11-04-2023,30,Badami,Chennapatna,6,232,65.87,73.33,91.22,580,810,230,green,immature,black spots,"white lenticel formation, more soft than earlier taken, small black spots on A side",7.9,,0.935,1.008695652,
01-04-2023,11-04-2023,31,Badami,Chennapatna,6,265,67.12,78.4,96.77,580,840,260,green,immature,black spots,"white lenticel formation, more soft than earlier taken, scarf skin and few black spots",7.7,,0.935,1.019230769,
01-04-2023,11-04-2023,32,Badami,Chennapatna,6,233,65.13,72.18,92.09,580,810,230,green,immature,black spots,"white lenticel formation, more soft than earlier taken, small black spots",7.9,,0.935,1.013043478,
01-04-2023,11-04-2023,33,Badami,Chennapatna,6,230,66.02,73.46,90.6,580,810,230,green,immature,none,"white lenticel formation, more soft than earlier taken, black spots on shoulder",8.1,,0.935,1,
12-04-2023,13-04-2023,34,Badami,Chennapatna,7,233,63.09,72.71,98.65,540,780,240,green,immature,none,"white lenticel formation,  black spots near apex",7.9,,0.935,0.970833333,
12-04-2023,13-04-2023,35,Badami,Chennapatna,7,243,66.76,73.77,97.05,540,790,250,green,immature,none,"white lenticel formation,  black spots near apex",7.7,,0.935,0.972,
12-04-2023,13-04-2023,36,Badami,Chennapatna,7,306,70.05,79.18,107.57,540,850,310,green,immature,none,white lenticel formation,7.5,,0.935,0.987096774,
12-04-2023,13-04-2023,37,Badami,Chennapatna,7,246,67.69,74.22,96.25,540,790,250,green,immature,none,"white lenticel formation, physical injury at apex",7.8,,0.935,0.984,
12-04-2023,13-04-2023,38,Badami,Chennapatna,7,235,62.42,73.28,99.3,540,780,240,green,immature,none,"white lenticel formation, skin damage near apex and cut on A side outside spectra acquisition region",8.2,,0.935,0.979166667,
12-04-2023,13-04-2023,39,Badami,Chennapatna,7,252,67.81,73.79,98.3,530,800,270,green,immature,physical injury,"white lenticel formation,  cut on A side",7.7,,0.935,0.933333333,
12-04-2023,14-04-2023,40,Badami,Chennapatna,8,233,61.07,74.21,99.72,520,760,240,green,immature,black spots,"white lenticel formation,  black spots on A and B side",8,,0.935,0.970833333,
12-04-2023,14-04-2023,41,Badami,Chennapatna,8,276,68.28,75.52,103.29,520,800,280,green with yellow blush,immature,none,"white lenticel formation,  cut on B side at end, yellow coloration on the shoulder",7.5,,0.935,0.985714286,
12-04-2023,14-04-2023,42,Badami,Chennapatna,8,198,59.63,68.06,93.51,520,730,210,green with yellow blush,immature,none,"white lenticel formation,  yellow coloration on shoulder",8.5,,0.935,0.942857143,
12-04-2023,14-04-2023,43,Badami,Chennapatna,8,291,68.03,80.34,105.7,520,820,300,green,immature,none,"white lenticel formation,  black spots on shoulder, possible sap burns",7.3,,0.935,0.97,
12-04-2023,14-04-2023,44,Badami,Chennapatna,8,221,63.34,72.18,93.84,520,750,230,green with yellow blush,immature,black spots,"white lenticel formation,  spots on A side, slight yellow coloration on the shoulder",8,,0.935,0.960869565,
12-04-2023,14-04-2023,45,Badami,Chennapatna,8,253,65.76,70.44,100.54,520,780,260,green with yellow blush,immature,black spots,"white lenticel formation,  spots on A side, yellow coloration on the shoulder",7.6,,0.935,0.973076923,
12-04-2023,17-04-2023,46,Badami,Chennapatna,9,312,67.27,81.64,111.5,450,790,340,green with yellow blush,immature,black spots,"white lenticel formation, spots on A side, slight yellow coloration on the side",7.6,,0.935,0.917647059,
12-04-2023,17-04-2023,47,Badami,Chennapatna,9,238,64.81,74.18,98.18,450,720,270,green with yellow blush,immature,black spots,"white lenticel formation, spots on A side, slight yellow coloration on the A side",7.7,,0.935,0.881481481,
12-04-2023,17-04-2023,48,Badami,Chennapatna,9,290,68.21,78.92,104.41,440,760,320,green,immature,black spots,"white lenticel formation, spots on A side",7.3,,0.935,0.90625,
12-04-2023,17-04-2023,49,Badami,Chennapatna,9,226,65.07,70.02,96.47,440,700,260,green,immature,black spots,"white lenticel formation, spots on A side and side",7.8,,0.935,0.869230769,
12-04-2023,17-04-2023,50,Badami,Chennapatna,9,217,61.77,72.64,97.55,440,690,250,green with yellow blush,immature,black spots,"white lenticel formation,  spots on shoulders and B side, slight yellow coloration on the shoulder",8.3,,0.935,0.868,
12-04-2023,18-04-2023,51,Badami,Chennapatna,10,236,63.11,73.18,98.99,430,690,260,green with yellow blush,immature,black spots,"white lenticel formation,  spots on shoulders and B side (possible sap burn), softer,  slight yellow coloration on the shoulder",7.9,,0.935,0.907692308,
12-04-2023,18-04-2023,52,Badami,Chennapatna,10,289,58.74,69.55,91.4,430,630,200,green with yellow blush,immature,black spots,"white lenticel formation,  spots on shoulders and A side, softer, slight yellow coloration on the shoulder",8.7,,0.935,1.445,
12-04-2023,18-04-2023,53,Badami,Chennapatna,10,238,63.2,71.09,101.62,430,690,260,green with yellow blush,immature,none,"white lenticel formation,  spots on A side, scarf skin, softer,  slight yellow coloration on the shoulder",7.8,,0.935,0.915384615,
12-04-2023,18-04-2023,54,Badami,Chennapatna,10,218,63.33,73.91,93.64,430,660,230,green with yellow blush,immature,black spots,"white lenticel formation,  spots on shoulders and A side (possible sap burn), softer,  slight yellow coloration on the shoulder",8,,0.935,0.947826087,
12-04-2023,18-04-2023,55,Badami,Chennapatna,10,198,59.27,71.06,91.48,430,640,210,green with red blush,immature,black spots,"white lenticel formation,  spots on A and B side (possible sap burn), softer,  yellowish red coloration on the shoulder",8.4,,0.935,0.942857143,
12-04-2023,18-04-2023,56,Badami,Chennapatna,10,207,59.87,72.57,99.67,430,670,240,green with yellow blush,immature,Abrasion,"white lenticel formation,  yellow coloration on the shoulder, softer, abrasion on A side",8.5,,0.935,0.8625,
01-04-2023,19-04-2023,57,Badami,Chennapatna,11,200,62.02,69.27,86.73,590,800,210,"green with yellow blush, yellow lenticels","immature, ripened",black spots,"immature ripened with non uniform yellow color formation, very soft, shrivelled, spots on B side and shoulder",8.3,,0.935,0.952380952,
01-04-2023,19-04-2023,58,Badami,Chennapatna,11,220,62.91,73,94.6,590,820,230,"green with yellow blush, yellow lenticels","immature, ripened",black spots,"immature ripened with non uniform yellow color formation, very soft, shrivelled, spots on B side A side",8.2,,0.935,0.956521739,
01-04-2023,19-04-2023,59,Badami,Chennapatna,11,192,62.52,67.46,87.85,590,790,200,"green with yellow blush, yellow lenticels","immature, ripened",black spots,"immature ripened with non uniform yellow color formation, very soft, shrivelled, spots on B side and shoulder (possible latex burn)",8.5,,0.935,0.96,
01-04-2023,19-04-2023,60,Badami,Chennapatna,11,243,63.83,73.17,95.57,590,830,240,"green with yellow blush, yellow lenticels","immature, ripened",none,"immature ripened with non uniform yellow color formation, very soft, shrivelled, spots on shoulder (possible latex burn)",7.9,,0.935,1.0125,
01-04-2023,19-04-2023,61,Badami,Chennapatna,11,147,54.77,64.43,82.63,590,750,160,"green with yellow blush, yellow lenticels","immature, ripened",none,"immature ripened with non uniform yellow color formation, very soft, shrivelled, spots on shoulder (possible latex burn), senescence started",9.2,,0.935,0.91875,
01-04-2023,19-04-2023,62,Badami,Chennapatna,11,188,60.3,67.5,87.4,590,780,190,"green with yellow blush, yellow lenticels","immature, ripened",black spots,"immature ripened with non uniform yellow color formation, very soft, shrivelled, spots (possible latex burn)",8.7,,0.935,0.989473684,
18-04-2023,20-04-2023,63,Badami,Chennapatna,12,192,60.6,67.42,90.29,560,760,200,green,immature,black spots,"white lenticel formation,  spots on B side (possible sap burn), burn at apex",8.3,not prominent,0.935,0.96,
18-04-2023,20-04-2023,64,Badami,Chennapatna,12,245,67.08,74.57,95.86,560,810,250,green,immature,none,"white lenticel formation,  black spots at apex",7.8,not prominent,0.935,0.98,
18-04-2023,20-04-2023,65,Badami,Chennapatna,12,175,61.49,63.52,83.01,560,740,180,green,immature,none,"white lenticel formation,  sap burn  on shoulders",8.5,not prominent,0.935,0.972222222,
18-04-2023,20-04-2023,66,Badami,Chennapatna,12,191,63.36,66.14,84.62,560,760,200,green,immature,skin damaged ,"white lenticel formation,  possible insect hole near apex, scarf skin on A side",7.9,not prominent,0.935,0.955,
18-04-2023,20-04-2023,67,Badami,Chennapatna,12,234,64.68,73.16,98.67,560,800,240,green,immature,black spots,"white lenticel formation,  black spots on A side, soil deposition at nose",8,yes,0.935,0.975,
18-04-2023,20-04-2023,68,Badami,Chennapatna,12,211,62.4,71.03,92.11,550,780,230,green,immature,black spots,"white lenticel formation,  black spots (possible sap burn)",8,not prominent,0.935,0.917391304,
18-04-2023,20-04-2023,69,Badami,Chennapatna,12,219,62.51,70.16,94.07,550,780,230,green,immature,none,"white lenticel formation,  sap burn  on A side",7.8,not prominent,0.935,0.952173913,
18-04-2023,20-04-2023,70,Badami,Chennapatna,12,247,65.66,74.46,99.49,560,820,260,green,immature,black spots,"white lenticel formation,  small spots B side, physical injury on A side",7.7,yes,0.935,0.95,
18-04-2023,20-04-2023,71,Badami,Chennapatna,12,227,63.25,70.47,96.5,550,800,250,green,immature,none,"white lenticel formation,  small spots B side, scarf skin on shoulder",7.9,not prominent,0.935,0.908,
18-04-2023,20-04-2023,72,Badami,Chennapatna,12,180,56.65,63.95,92.16,550,750,200,green,immature,black spots,"white lenticel formation,  black spots on A side and on shoulder",8.4,yes,0.935,0.9,
18-04-2023,21-04-2023,73,Badami,Chennapatna,13,182,59.24,67.75,91.09,540,730,190,green,immature,black spots,"white lenticel formation,  black spots on A side, shoulder and apex",8.5,,0.935,0.957894737,
18-04-2023,21-04-2023,74,Badami,Chennapatna,13,172,57.61,67.09,89.07,540,720,180,green,immature,none,"white lenticel formation,  black spots on A side (possible sap burn)",8.6,,0.935,0.955555556,
18-04-2023,21-04-2023,75,Badami,Chennapatna,13,239,66.92,73.33,93.96,540,780,240,green,immature,none,"white lenticel formation,  abrasion on A side, little sap burn on B side",7.7,,0.935,0.995833333,
18-04-2023,21-04-2023,76,Badami,Chennapatna,13,231,64.2,71.76,96.92,540,790,250,green,immature,black spots,"white lenticel formation,  black spots on A side, limb rub on apex",7.9,,0.935,0.924,
18-04-2023,21-04-2023,77,Badami,Chennapatna,13,196,60.76,69.72,93.43,540,740,200,green,immature,none,"white lenticel formation,  possible sap burn on top B side",8.1,,0.935,0.98,
18-04-2023,21-04-2023,78,Badami,Chennapatna,13,245,64.95,74.77,100.11,540,790,250,green,immature,none,"white lenticel formation,  little light green color on top",7.7,,0.935,0.98,
18-04-2023,21-04-2023,79,Badami,Chennapatna,13,234,62.97,74.77,100.7,540,780,240,green,immature,scarf skin,"white lenticel formation,  scarf skin on lower area both A and B sides",8.1,,0.935,0.975,
18-04-2023,21-04-2023,80,Badami,Chennapatna,13,214,61.9,69.34,98.18,530,760,230,green,immature,none,white lenticel formation,8.2,,0.935,0.930434783,
18-04-2023,21-04-2023,81,Badami,Chennapatna,13,212,59.91,70.93,97.78,530,760,230,green,immature,black spots,"white lenticel formation,  little light green color on top, small spots on B side",8.3,,0.935,0.92173913,
18-04-2023,21-04-2023,82,Badami,Chennapatna,13,183,56.62,68.52,89.95,530,720,190,green,immature,none,"white lenticel formation,  little yellowish green color, small spots on B side and near apex",8.5,,0.935,0.963157895,
18-04-2023,24-04-2023,83,Badami,Chennapatna,14,216,61.83,69.75,94.66,570,790,220,green,immature,none,white lenticel formation,8,not prominent,0.935,0.981818182,
18-04-2023,24-04-2023,84,Badami,Chennapatna,14,254,65.67,74.11,98.51,580,830,250,green,immature,none,"white lenticel formation, slight black spots",7.7,not prominent,0.935,1.016,
18-04-2023,24-04-2023,85,Badami,Chennapatna,14,259,64.57,77.22,101.75,560,840,280,green,immature,none,"white lenticel formation, slight brown spots",7.8,yes,0.935,0.925,
18-04-2023,24-04-2023,86,Badami,Chennapatna,14,193,58.7,69.43,96.36,570,780,210,green,immature,black spots,"white lenticel formation, slight black spots",8.6,yes,0.935,0.919047619,
18-04-2023,24-04-2023,87,Badami,Chennapatna,14,213,61.17,72.47,98.72,560,800,240,green,immature,none,"white lenticel formation, brown spots on side",7.9,yes,0.935,0.8875,
18-04-2023,24-04-2023,88,Badami,Chennapatna,14,203,61.35,69.05,91.51,560,780,220,green,immature,none,"white lenticel formation, slight black spots",8.5,not prominent but curvature,0.935,0.922727273,
18-04-2023,25-04-2023,89,Badami,Chennapatna,15,207,61.27,69.33,90.33,540,770,230,green,immature,brown spots,"white lenticels, brown spots prominent in B side",8.4,not prominent,0.935,0.9,
18-04-2023,25-04-2023,90,Badami,Chennapatna,15,260,68.72,77.81,97.72,530,820,290,green with yellow blush,immature,none,"white lenticels, damage on the shoulder",7.5,yes,0.935,0.896551724,
18-04-2023,25-04-2023,91,Badami,Chennapatna,15,272,67.88,78.32,102.94,530,830,300,green,immature,brown spots,"white lenticels, brown spots prominent in B side",7.5,yes,0.935,0.906666667,
18-04-2023,25-04-2023,92,Badami,Chennapatna,15,168,59.4,63.96,86.4,530,720,190,green,immature,none,"white lenticels, brown spot on the shoulder",8.6,not prominent,0.935,0.884210526,
18-04-2023,25-04-2023,93,Badami,Chennapatna,15,310,71.57,81.41,106.45,530,860,330,green,immature,brown spots,"white lenticels, brown spots prominent in B side",7,yes,0.935,0.939393939,
18-04-2023,25-04-2023,94,Badami,Chennapatna,15,166,56.12,65.14,88.53,530,720,190,green,immature,none,"white lenticels, brown spot on the shoulder",9,not prominent,0.935,0.873684211,
18-04-2023,25-04-2023,95,Badami,Chennapatna,15,164,56.57,64.92,86.27,530,710,180,green,immature,brown spots,"white lenticels, brown spots on the side",8.8,not prominent,0.935,0.911111111,
18-04-2023,25-04-2023,96,Badami,Chennapatna,15,211,61.26,68.38,96.91,530,710,180,green,immature,none,"white lenticels, brown spot on the shoulder",8.3,not prominent,0.935,1.172222222,
18-04-2023,25-04-2023,97,Badami,Chennapatna,15,136,53.58,60.68,81.13,530,680,150,green,immature,brown spots,"white lenticels, brown spots on the both sides",9.3,not prominent,0.935,0.906666667,
18-04-2023,25-04-2023,98,Badami,Chennapatna,15,177,56.46,64.97,90.29,530,730,200,green,immature,brown spots,"white lenticels, brown spots in A side",8.8,not prominent,0.935,0.885,
18-04-2023,26-04-2023,99,Badami,Chennapatna,16,227,62.62,74.21,101.68,530,770,240,green,immature,none,white lenticels,7.9,yes,0.935,0.945833333,
18-04-2023,26-04-2023,100,Badami,Chennapatna,16,211,63.21,71.26,96.6,520,750,230,green,immature,brown spots,"white lenticels, brown spots in A side",8,not prominent,0.935,0.917391304,
18-04-2023,26-04-2023,101,Badami,Chennapatna,16,207,59.72,73.58,97.86,520,750,230,green,immature,brown spots,"white lenticels, brown spots in B side",8.3,not prominent,0.935,0.9,
18-04-2023,26-04-2023,102,Badami,Chennapatna,16,158,59.88,63.92,81.14,520,690,170,green,immature,none,"white lenticels, brown spots on the side",8.6,not prominent,0.935,0.929411765,
18-04-2023,26-04-2023,103,Badami,Chennapatna,16,161,55.42,66.97,86.25,510,690,180,green,immature,brown spot,"white lenticels, brown spot in B side",8.9,not prominent,0.935,0.894444444,
18-04-2023,26-04-2023,104,Badami,Chennapatna,16,189,58.53,68.15,91.61,510,740,230,green,immature,none,"white lenticels, slight black spots in A side",8.6,not prominent,0.935,0.82173913,
18-04-2023,27-04-2023,105,Badami,Chennapatna,17,214,61.55,70.74,94.97,500,690,190,green,immature,black spots,"white lenticels, slight black spots damage in A side",8.1,not prominent,0.935,1.126315789,
18-04-2023,27-04-2023,106,Badami,Chennapatna,17,172,57.9,65.82,90.32,500,700,200,green,immature,brown spots,"white lenticels, slight brown spots damage in B side",8.7,not prominent,0.935,0.86,
18-04-2023,27-04-2023,107,Badami,Chennapatna,17,159,56.04,65.9,85.48,500,670,170,green,immature,brown spots,"white lenticels, slight brown spots damage in B side and A side",8.9,yes,0.935,0.935294118,
18-04-2023,27-04-2023,108,Badami,Chennapatna,17,151,55.12,63.04,83.37,500,660,160,green,immature,none,"white lenticels, black spots damage near stem",9,not prominent,0.935,0.94375,
18-04-2023,27-04-2023,109,Badami,Chennapatna,17,149,51.94,64.93,86.93,500,660,160,green,immature,brown spots,"white lenticels, slight brown spots in B side",9,not prominent,0.935,0.93125,
18-04-2023,27-04-2023,110,Badami,Chennapatna,17,191,59.94,68.45,91.89,490,710,220,green,immature,insect,"white lenticels, insect damage",8.5,not prominent,0.935,0.868181818,
18-04-2023,28-04-2023,111,Badami,Chennapatna,18,150,54.96,65.32,84.63,480,640,160,green with yellow blush,immature,black spot,"white lenticels, brown spot in B side",9.1,not prominent,0.935,0.9375,
18-04-2023,28-04-2023,112,Badami,Chennapatna,18,142,53.69,63.95,81.66,480,670,190,green,immature,none,"white lenticels, slight brown spots on the side",9.2,not prominent,0.935,0.747368421,
18-04-2023,28-04-2023,113,Badami,Chennapatna,18,191,60.24,67.86,89.51,470,690,220,green,immature,brown spots,"white lenticels, slight brown spots on both A and B sides",8.7,not prominent,0.935,0.868181818,
18-04-2023,28-04-2023,114,Badami,Chennapatna,18,151,51.61,62.61,89.74,470,650,180,green,immature,brown spot,"white lenticels, brown spot in B side",9.5,not prominent,0.935,0.838888889,
18-04-2023,28-04-2023,115,Badami,Chennapatna,18,150,50.41,62.64,90.37,470,650,180,green,immature,brown spots,"white lenticels, slight brown spots on both A and B sides",9.3,yes,0.935,0.833333333,
18-04-2023,28-04-2023,116,Badami,Chennapatna,18,148,53.71,64.59,87.46,470,640,170,green ,immature,none,"white lenticels, slight brown spots on B side",8.9,yes,0.935,0.870588235,
12-05-2023,16-05-2023,117,Badami,Chennapatna,19,259,66.28,74.77,101.04,480,760,280,yellow with light green,"immature/mature, ripened",none,"fully ripened, black spots on shoulder and A side",7.9,no,0.935,0.925,
12-05-2023,16-05-2023,118,Badami,Chennapatna,19,360,74.89,82.67,106.34,490,860,370,yellow with red blush,"immature/mature, ripened",none,"fully ripened, black spots near apex",6.7,not prominent,0.935,0.972972973,
12-05-2023,16-05-2023,119,Badami,Chennapatna,19,306,69.71,77.98,106.24,490,810,320,yellow with light green with red blush,"immature/mature, ripened",black spots,"fully ripened, black spots on B side and shoulders",7.2,no,0.935,0.95625,
12-05-2023,16-05-2023,120,Badami,Chennapatna,19,335,72.44,79.76,106.07,500,830,330,yellow with red blush,"immature/mature, ripened",spots,"fully ripened, brownish spots on B side and shoulders and physical damage on B side",7.1,not prominent,0.935,1.015151515,
12-05-2023,16-05-2023,121,Badami,Chennapatna,19,323,70.69,80.64,102.51,500,820,320,yellow with light green,"immature/mature, ripened",none,"fully ripened, black spots on shoulders",7,not prominent,0.935,1.009375,
12-05-2023,16-05-2023,122,Badami,Chennapatna,19,364,73.72,84.66,109.42,500,880,380,yellow with light green with red blush,"immature/mature, ripened",none,"fully ripened, sap spots on shoulders",6.8,not prominent,0.935,0.957894737,
12-05-2023,17-05-2023,123,Badami,Chennapatna,20,252,67.45,75.1,95.25,470,740,270,yellow with light green with red blush,"immature/mature, ripened",spots,"fully ripened, brownish spots on shoulders and B side",7.6,no,0.935,0.933333333,
12-05-2023,17-05-2023,124,Badami,Chennapatna,20,240,66.7,72.4,94.25,470,730,260,yellow with light green with red blush,"immature/mature, ripened",none,"fully ripened, black spots on B side",7.7,no,0.935,0.923076923,
12-05-2023,17-05-2023,125,Badami,Chennapatna,20,272,68.96,81.24,97.77,470,760,290,yellow with light green with red blush,"immature/mature, ripened",marks,"fully ripened, marks like impressions on B side",7.5,no,0.935,0.937931034,
12-05-2023,17-05-2023,126,Badami,Chennapatna,20,276,65.17,79.18,101.75,470,760,290,yellow with orangish red,"immature/mature, ripened",marks,"fully ripened, marks like impressions on B side, black spots on A and B sides",7.7,not prominent,0.935,0.951724138,
12-05-2023,17-05-2023,127,Badami,Chennapatna,20,375,74.43,84.18,109.77,470,860,390,yellow with light green with red blush,"immature/mature, ripened",marks,"fully ripened, marks like impressions on B side",6.5,no,0.935,0.961538462,
12-05-2023,17-05-2023,128,Badami,Chennapatna,20,274,67,82.1,100.82,470,760,290,yellow with light green with red blush,"immature/mature, ripened",marks,"fully ripened, black marks on B side, black woody defect on A side",7.5,yes,0.935,0.944827586,
17-05-2023,18-05-2023,129,Badami,Chennapatna,21,279,74.52,80.6,88.26,450,740,290,green,immature/mature,black spots,"lenticels, black spots on A and B side",7.3,no,0.935,0.962068966,
17-05-2023,18-05-2023,130,Badami,Chennapatna,21,409,81.63,90.51,108.14,450,880,430,green ,mature,spots,"lenticels with shoulder formation,  greyish spots on A side, black spots on B side",6,yes,0.935,0.951162791,
17-05-2023,18-05-2023,131,Badami,Chennapatna,21,350,73.2,80.25,113.88,450,830,380,green ,mature,spots,"lenticels with shoulder formation,  small black spots on B side",6.8,yes,0.935,0.921052632,
17-05-2023,18-05-2023,132,Badami,Chennapatna,21,323,76.4,83.68,101.14,450,790,340,green  with red blush,immature/mature,scarf skin,"lenticels , scarf skin on B side with black spots, twig damage on side",6.8,yes,0.935,0.95,
17-05-2023,18-05-2023,133,Badami,Chennapatna,21,332,75.01,82.72,108.6,450,810,360,green,immature/mature,black spots,"lenticels with shoulder formation,  black spots on A and B side",6.9,yes,0.935,0.922222222,
17-05-2023,18-05-2023,134,Badami,Chennapatna,21,306,74.62,81.45,97.6,450,780,330,green  with red blush,mature,black spots,"lenticels with shoulder formation,  black spots on A  side",7,not prominent,0.935,0.927272727,
17-05-2023,18-05-2023,135,Badami,Chennapatna,21,300,73.08,77.88,106.38,450,780,330,green,immature/mature,none,"lenticels , black spots on A side and around stem",7,yes,0.935,0.909090909,
17-05-2023,18-05-2023,136,Badami,Chennapatna,21,356,78.51,82.56,103.48,450,830,380,green,mature,black spots,"lenticels with shoulder formation,  black spots on A and B side",6.4,no,0.935,0.936842105,
17-05-2023,18-05-2023,137,Badami,Chennapatna,21,305,75.92,84.09,93.95,450,770,320,green,mature,black spots,"lenticels with shoulder formation,  black spots on B side",6.8,not prominent,0.935,0.953125,
17-05-2023,18-05-2023,138,Badami,Chennapatna,21,342,78.03,79.83,105.02,450,810,360,green,mature,none,"lenticels with shoulder formation,  woody damage around stem",6.6,yes,0.935,0.95,
17-05-2023,19-05-2023,139,Badami,Chennapatna,22,362,76.18,86.02,112.78,420,810,390,green,mature,none,"lenticels with shoulder formation,  black spots around stem and B side",6.8,not prominent,0.935,0.928205128,
17-05-2023,19-05-2023,140,Badami,Chennapatna,22,303,73.05,84.85,100.72,420,750,330,green,immature/mature,lenticel damage,"lenticel damage (white lenticels turned black), physical damage on B side near apex",7.3,not prominent,0.935,0.918181818,
17-05-2023,19-05-2023,141,Badami,Chennapatna,22,332,76.12,86.4,104.7,420,780,360,green,immature/mature,lenticel damage,"lenticel damage (white lenticels turned black), physical damage on B side near apex",6.9,not prominent,0.935,0.922222222,
17-05-2023,19-05-2023,142,Badami,Chennapatna,22,295,75.24,80.28,96.14,420,730,310,green,immature/mature,black spots,"lenticels, black spots on B side, scarf skin on A side",7,not prominent,0.935,0.951612903,
17-05-2023,19-05-2023,143,Badami,Chennapatna,22,317,71.44,83.57,107.77,420,760,340,green,mature,none,"partial lenticel damage (white lenticels turned black) on B side, shoulder formation",7.4,yes,0.935,0.932352941,
17-05-2023,19-05-2023,144,Badami,Chennapatna,22,344,80.89,83.88,97.72,420,780,360,green with red blush,immature/mature,spots,"lenticels, black spots around stem and B side",6.4,yes,0.935,0.955555556,
17-05-2023,19-05-2023,145,Badami,Chennapatna,22,343,78.64,87.29,98.32,420,770,350,green with light red blush,mature,spots,"lenticels with shoulder formation, dark green spillage coloration on A side, yellowish tint on  B side, sap damage around stem",6.5,not prominent,0.935,0.98,
17-05-2023,19-05-2023,146,Badami,Chennapatna,22,359,80.94,85.94,100.47,420,790,370,green,mature,lenticel damage,"lenticel damage with shoulder formation, dark green spillage coloration inbetween A and B side, black spots around stem",6.4,not prominent,0.935,0.97027027,
17-05-2023,19-05-2023,147,Badami,Chennapatna,22,321,76.61,82.31,100.4,420,760,340,green,mature,none,"lenticels with shoulder formation, spots around stem",7,yes,0.935,0.944117647,
17-05-2023,19-05-2023,148,Badami,Chennapatna,22,318,76.58,84.14,95.38,420,700,280,green with red blush,mature,lenticel damage,"lenticel damage with shoulder formation, woody damage around stem and B side",6.6,not prominent,0.935,1.135714286,
12-05-2023,22-05-2023,149,Badami,Chennapatna,23,221,60.73,72.08,95.74,450,700,250,yellow with little green (with red blush),"immature/mature, ripened",none,"lenticels, shrivelled skin",8.4,no,0.935,0.884,
12-05-2023,22-05-2023,150,Badami,Chennapatna,23,254,62.94,74.17,99.52,450,720,270,yellow with litle green,"immature/mature, ripened",spots,"lenticels, shrivelled skin, black spots on B side, around shoulder, black marks around apex",8.1,not prominent,0.935,0.940740741,
12-05-2023,22-05-2023,151,Badami,Chennapatna,23,263,68.87,76.38,96.71,450,730,280,yellow with little green (with red blush),"immature/mature, ripened",none,lenticels formation,7.6,not prominent,0.935,0.939285714,
12-05-2023,22-05-2023,152,Badami,Chennapatna,23,277,67.72,77.56,104.69,450,750,300,yellow with litle green,"mature, ripened",black spots,"lenticels, spots on A side and around stem",7.9,not prominent,0.935,0.923333333,
12-05-2023,22-05-2023,153,Badami,Chennapatna,23,63.4,63.62,78.88,103.36,450,740,290,yellow with little green (with red blush),"immature/mature, ripened",black spots,"little lenticel damage, black spots on A, B sides and shoulder",7.9,no,0.935,0.21862069,
17/5/2023 (ripe mangoes - defective batch),22-05-2023,154,Badami,Chennapatna,23,257,68.84,74.35,92.87,450,710,260,yellow,"immature/mature, ripened",spots,"lenticel damage, sap burn on the shoulder, damage on the apex",7.6,no,0.935,0.988461538,
17-05-2023,23-05-2023,155,Badami,Chennapatna,24,409,83.54,89.99,103.95,510,920,410,yellow with little green (with red blush),"immature/mature, ripened",lenticel damage,"lenticel damage, rough patch on the shoulders",6.2,no,0.935,0.997560976,
17-05-2023,23-05-2023,156,Badami,Chennapatna,24,260,69.09,80.43,95.31,510,800,290,green,mature,lenticel damage,"lenticel damage with shoulder formation, black spots around stem",7.4,yes,0.935,0.896551724,
17-05-2023,23-05-2023,157,Badami,Chennapatna,24,312,72.25,81.96,106.72,510,850,340,green,mature,spots,"lenticels with shoulder formation, spots on A side, twig damage/insect damage on shoulders",7.1,yes,0.935,0.917647059,
17-05-2023,23-05-2023,158,Badami,Chennapatna,24,305,76.11,81.27,97.24,510,820,310,green with yellow blush,immature/mature,lenticel damage,"lenticel damage, black spots on the shoulder and B side",7,not prominent,0.935,0.983870968,
17-05-2023,23-05-2023,159,Badami,Chennapatna,24,304,70.1,82.48,107.19,510,830,320,green,mature,spots,"lenticels with shoulder formation, black spots on A and B side",7.2,yes,0.935,0.95,
17-05-2023,23-05-2023,160,Badami,Chennapatna,24,358,81.12,91.69,101.64,510,880,370,green with uneven yellow,immature/mature,black spots,"lenticels, black spots on the A and B side",6.5,no,0.935,0.967567568,
17-05-2023,23-05-2023,161,Badami,Chennapatna,24,297,75.08,77.19,99.21,510,810,300,green with red blush,mature,black spots,"lenticel damage with shoulder formation, black spots on B side and woody rough texture patch on A side",7,yes,0.935,0.99,
17-05-2023,23-05-2023,162,Badami,Chennapatna,24,317,71.92,91.01,107.32,510,850,340,green,mature,black spots,"lenticels with shoulder formation, black spots on A side",7.3,not prominent,0.935,0.932352941,
23-05-2023,24-05-2023,163,Badami,Chennapatna,25,327,74.87,84.04,102.73,600,930,330,yellow,"immature/mature, ripened",black spots,"lenticels with shoulder formation, black spots on A side, ripened, physical damage on B side",7.1,no,0.935,0.990909091,
23-05-2023,24-05-2023,164,Badami,Chennapatna,25,306,75.48,87.1,98.82,600,910,310,yellow,"immature/mature, ripened",none,"lenticels with shoulder formation, black spots on A and B side, ripened",7,no,0.935,0.987096774,
23-05-2023,24-05-2023,165,Badami,Chennapatna,25,311,72.6,85.35,101.49,600,910,310,yellow with little green (with red blush),"immature/mature, ripened",none,"lenticels with shoulder formation, black cut marks on A and B side, ripened",7.1,not prominent,0.935,1.003225806,
23-05-2023,24-05-2023,166,Badami,Chennapatna,25,205,63.43,72.64,88.73,600,810,210,yellow with green (with red blush),"immature/mature, ripened",none,"lenticels with shoulder formation, spots on A and B side, ripened",8,yes,0.935,0.976190476,
23-05-2023,24-05-2023,167,Badami,Chennapatna,25,253,66.56,78.09,93.68,600,850,250,yellow with little green (with red blush),"immature/mature, ripened",black spots,"lenticels, ripened, black spots on A side",7.9,no,0.935,1.012,
23-05-2023,24-05-2023,168,Badami,Chennapatna,25,289,71.33,84.52,100.21,590,900,310,yellow with little green,"immature/mature, ripened",black spots,"lenticels with shoulder formation, spots on shoulder and B side, ripened",7.3,not prominent,0.935,0.932258065,
23-05-2023,24-05-2023,169,Badami,Chennapatna,25,248,67.68,81.94,95.74,590,850,260,green with uneven yellow,"immature/mature, ripened",none,"lenticels with shoulder formation, woody marks around stem, ripened",8,no,0.935,0.953846154,
23-05-2023,24-05-2023,170,Badami,Chennapatna,25,214,65.04,69.34,88.71,590,810,220,yellow with little green,"immature/mature, ripened",black spots,"lenticels, ripened, black spots on A and B side",8.1,not prominent,0.935,0.972727273,
23-05-2023,24-05-2023,171,Badami,Chennapatna,25,253,70.31,79.61,93.33,590,850,260,yellow with green (with red blush),"immature/mature, ripened",black spots,"lenticels, black spots on B side, rotting starting from stem",7.7,yes,0.935,0.973076923,
23-05-2023,24-05-2023,172,Badami,Chennapatna,25,301,70.68,83.38,104.47,590,900,310,yellow with little green,"immature/mature, ripened",black spots,"lenticels, black spots and skin damage on A side",7.5,yes,0.935,0.970967742,
24-05-2023,25-05-2023,173,Badami,Chennapatna,26,321,75.95,83.34,103.05,550,880,330,yellow with little green,"immature/mature, ripened",none,"lenticels with certain shoulder development, spots around stem",6.9,not prominent,0.935,0.972727273,
24-05-2023,25-05-2023,174,Badami,Chennapatna,26,274,71.6,78.64,96.69,550,830,280,yellow with little green,"immature/mature, ripened",black spots,"lenticels with certain shoulder development, spots on A and B side",7.4,no,0.935,0.978571429,
24-05-2023,25-05-2023,175,Badami,Chennapatna,26,318,75.26,82.66,100.39,550,870,320,yellow with green,"immature/mature, ripened",spots,"lenticels with certain shoulder development, spots on A side and damage around stem",7,no,0.935,0.99375,
24-05-2023,25-05-2023,176,Badami,Chennapatna,26,371,78.04,86.33,102.06,550,930,380,yellow with little green,"immature/mature, ripened",none,lenticels formation with no visible damage,6.5,no,0.935,0.976315789,
24-05-2023,25-05-2023,177,Badami,Chennapatna,26,277,70.04,76.12,98.95,550,840,290,yellow with green,"immature/mature, ripened",spots,"lenticels with certain shoulder development, black spots on the shoulder ",7.3,yes,0.935,0.955172414,
24-05-2023,25-05-2023,178,Badami,Chennapatna,26,286,72.57,82.52,102.82,550,850,300,green with little yellow (red blush),"immature/mature, ripened",spots,"lenticels formation, black spots on B side",7.2,not prominent,0.935,0.953333333,
24-05-2023,25-05-2023,179,Badami,Chennapatna,26,276,71.63,76.56,94.98,550,830,280,yellow with little green,"immature/mature, ripened",none,"lenticels formation, spots near stem and apex",7.2,no,0.935,0.985714286,
24-05-2023,25-05-2023,180,Badami,Chennapatna,26,260,68.11,71.43,100.11,540,810,270,yellow with green (with red blush),"immature/mature, ripened",none,"lenticels formation, spots near stem, slightly deformed fruit",7.5,no,0.935,0.962962963,
24-05-2023,25-05-2023,181,Badami,Chennapatna,26,301,69.46,81.51,104.51,540,850,310,green with yellow spots,"immature/mature, ripened",spots,"lenticels formation, spots on A, B side and on shoulders",7.2,yes,0.935,0.970967742,
24-05-2023,25-05-2023,182,Badami,Chennapatna,26,269,68.45,79.83,93.92,540,810,270,yellow,"immature/mature, ripened",spots,"lenticels formation, spots on B side and near stem",7.4,not prominent,0.935,0.996296296,
25-05-2023,26-05-2023,183,Badami,Chennapatna,27,257,71.57,78.27,92.98,530,790,260,yellow with little green,"immature/mature, ripened",spots,"lenticels formation, spots on A side and near stem",7.4,not prominent,0.935,0.988461538,
25-05-2023,26-05-2023,184,Badami,Chennapatna,27,304,75.49,87.49,102.05,530,830,260,yellow with little green (with red blush),"immature/mature, ripened",spots,"lenticels with certain shoulder development, spots on A and B side",7.2,no,0.935,1.169230769,
25-05-2023,26-05-2023,185,Badami,Chennapatna,27,248,73.09,75.68,93.52,520,780,300,yellow with green,"immature/mature, ripened",spots,"lenticels with certain shoulder development, sap burn on B side and around stem",7.5,yes,0.935,0.826666667,
25-05-2023,26-05-2023,186,Badami,Chennapatna,27,307,74.05,83.68,101.04,520,840,260,yellow with green (with red blush),"immature/mature, ripened",spots,"lenticels with certain shoulder development, spots near apex and A side",7.1,yes,0.935,1.180769231,
25-05-2023,26-05-2023,187,Badami,Chennapatna,27,276,72.2,81.86,94.12,520,800,320,yellow with little green,"immature/mature, ripened",physical injury,"lenticels with certain shoulder development, physical damage on A side, spots on B side and around stem",7.5,no,0.935,0.8625,
25-05-2023,26-05-2023,188,Badami,Chennapatna,27,360,80.77,93,106.81,510,890,280,green with little yellow (red blush),"immature/mature, ripened",none,lenticels with certain shoulder development,6.8,yes,0.935,1.285714286,
25-05-2023,26-05-2023,189,Badami,Chennapatna,27,325,77.53,87.55,99.03,510,840,380,yellow with little green,"immature/mature, ripened",skin damaged ,"lenticels, skin damage on B side and spots around stem",6.8,no,0.935,0.855263158,
25-05-2023,26-05-2023,190,Badami,Chennapatna,27,278,71.6,82.64,95.48,510,800,330,yellow with little green,"immature/mature, ripened",none,"lenticels, spots around stem",7.5,no,0.935,0.842424242,
25-05-2023,26-05-2023,191,Badami,Chennapatna,27,271,70.14,81.73,96.11,510,790,290,yellow with little green,"immature/mature, ripened",spots,"lenticels with certain shoulder development, black plus greenish spots on B side",7.6,not prominent,0.935,0.934482759,
25-05-2023,26-05-2023,192,Badami,Chennapatna,27,297,71.96,81.63,99.53,510,810,280,green with little yellow (red blush),"immature/mature, ripened",spots,"lenticels with certain shoulder development, spots on B and A side",7.1,not prominent,0.935,1.060714286,
29-05-2023,30-05-2023,193,Badami,Chennapatna,28,327,76.47,80.16,100.64,510,850,340,green with little yellow blush,immature/mature,black spots,"lenticels with shoulder , spots on both A and B  sides",6.8, ,0.945,0.961764706,
29-05-2023,30-05-2023,194,Badami,Chennapatna,28,225,67.33,69.27,92.25,510,750,240,green,immature/mature,black spots,"lenticels with shoulder, spots on ",7.8,yes,0.945,0.9375,
29-05-2023,30-05-2023,195,Badami,Chennapatna,28,294,72.88,76.5,102.86,510,810,300,green with red blush,immature/mature,none,lenticels with certain shoulder development,7.2,yes,0.945,0.98,
29-05-2023,30-05-2023,196,Badami,Chennapatna,28,230,67.52,70.8,89.88,510,750,240,green,immature/mature,none,"lenticels with certain shoulder development, spots around stem",7.3,not prominent,0.945,0.958333333,
29-05-2023,30-05-2023,197,Badami,Chennapatna,28,261,68.77,72.6,94.77,510,780,270,green with little yellow,immature/mature,spots,"lenticels with shoulder , spots on both A and B  sides",7.5,yes,0.945,0.966666667,
29-05-2023,30-05-2023,198,Badami,Chennapatna,28,225,66.97,73.25,92.06,505,700,195,green,immature/mature,none,"lenticels with certain shoulder development, spots around stem",8.1,yes,0.945,1.153846154,
29-05-2023,30-05-2023,199,Badami,Chennapatna,28,333,73.19,78.67,105.96,500,850,350,green,immature/mature,none,lenticels with certain shoulder development dry woody texture around stem,6.9,yes,0.945,0.951428571,
29-05-2023,30-05-2023,200,Badami,Chennapatna,28,218,67.55,69.66,87.96,500,740,240,green with red blush,immature/mature,spots,"lenticels with certain shoulder development, spots on A side",7.8,yes,0.945,0.908333333,
29-05-2023,30-05-2023,201,Badami,Chennapatna,28,230,67.97,71.4,90.78,500,750,250,green,immature/mature,spots,"lenticels with certain shoulder development, light greenish twig marks on A and B sides",7.8,yes,0.945,0.92,
29-05-2023,30-05-2023,202,Badami,Chennapatna,28,266,70.89,73.25,97.23,500,780,280,green,immature/mature,none,"lenticels with certain shoulder development, light greenish mark on A side, black spots on B side",7.3,yes,0.945,0.95,
29-05-2023,31-05-2023,203,Badami,Chennapatna,29,203.8,65.96,72.62,88.64,470,680,210,green with red blush,immature/mature,none,"lenticels with certain shoulder development, spots on the shoulder",7.8,not prominent,0.953,0.97047619,
29-05-2023,31-05-2023,204,Badami,Chennapatna,29,217.8,64.21,73.65,91.29,470,700,230,green,immature/mature,none,"lenticels with certain shoulder development, few black marks near apex",7.8,yes,0.953,0.946956522,
29-05-2023,31-05-2023,205,Badami,Chennapatna,29,303.4,71.88,79.71,104.09,460,780,320,green,immature/mature,black spots,"lenticels with certain shoulder development, black spots on A side",7.1,yes,0.953,0.948125,
29-05-2023,31-05-2023,206,Badami,Chennapatna,29,220.6,66.06,74.4,92.58,460,710,250,green,immature/mature,spots,"lenticels with certain shoulder development, marks on A and B side",7.8,no,0.953,0.8824,
29-05-2023,31-05-2023,207,Badami,Chennapatna,29,228.1,69.51,76.56,89.79,460,700,240,green,immature/mature,none,"lenticels with certain shoulder development, skin damage on the shoulders",7.6,yes,0.953,0.950416667,
29-05-2023,31-05-2023,208,Badami,Chennapatna,29,231.3,71.7,74.76,91.73,460,700,240,green,immature/mature,marks,"lenticels with certain shoulder development, spots on A, B side and around stem",7.7,yes,0.953,0.96375,
29-05-2023,31-05-2023,209,Badami,Chennapatna,29,271,69.95,81.31,98.03,450,740,290,green,immature/mature,spots,"lenticels with certain shoulder development, spots on A, B side and around stem",7.5,yes,0.953,0.934482759,
29-05-2023,31-05-2023,210,Badami,Chennapatna,29,239.1,68.13,79.2,91.78,450,710,260,green with red blush,immature/mature,none,"lenticels with certain shoulder development, light greenish spots on B side",7.4,yes,0.953,0.919615385,
29-05-2023,31-05-2023,211,Badami,Chennapatna,29,237.3,69.8,76.13,90.31,450,710,260,green,immature/mature,spots,"lenticels with certain shoulder development, spots on the shoulder and around stem",7.4,yes,0.953,0.912692308,
29-05-2023,31-05-2023,212,Badami,Chennapatna,29,263.9,71.01,81.01,94.1,450,735,285,green,immature/mature,skin damaged ,"lenticels with certain shoulder development, black spots around stem and skin damage on B side",7.3,not prominent,0.953,0.925964912,
29-05-2023,01-06-2023,213,Badami,Chennapatna,30,307.5,74.29,81.93,102.2,440,770,330,green,immature/mature,none,lenticels with certain shoulder development,7,not prominent,0.9406,0.931818182,natural
29-05-2023,01-06-2023,214,Badami,Chennapatna,30,231.4,67.67,73.39,91.95,440,700,260,green,immature/mature,none,lenticels with certain shoulder development,7.8,yes,0.9406,0.89,natural
29-05-2023,01-06-2023,215,Badami,Chennapatna,30,250.8,69.27,70.46,94.57,440,710,270,green,immature/mature,bruise damage,lenticels with certain shoulder development. bruise damage on side B,7.4,yes,0.9406,0.928888889,natural
29-05-2023,01-06-2023,216,Badami,Chennapatna,30,313.7,73.87,85,103.65,440,770,330,green,immature/mature,none,lenticels with certain shoulder development,6.8,yes,0.9406,0.950606061,natural
29-05-2023,01-06-2023,217,Badami,Chennapatna,30,304.1,70.99,83.94,103.67,440,760,320,green,immature/mature,none,lenticels with certain shoulder development,7.1,yes,0.9406,0.9503125,natural
29-05-2023,01-06-2023,218,Badami,Chennapatna,30,253.5,70.45,80.24,92.8,440,710,270,green,immature/mature,black spot,"lenticels with certain shoulder development, black spot on side B",7.5,not prominent,0.9406,0.938888889,artificial
29-05-2023,01-06-2023,219,Badami,Chennapatna,30,280.5,70.24,83.84,100.64,440,740,300,green,immature/mature,black spots,"lenticels with certain shoulder development, black spot on side B, sid b small",7.4,yes,0.9406,0.935,artificial
29-05-2023,01-06-2023,220,Badami,Chennapatna,30,265.8,70.6,76.83,95.18,430,720,290,green,immature/mature,none,"lenticels with certain shoulder development, black spot underside",7.2,not prominent,0.9406,0.916551724,artificial
29-05-2023,01-06-2023,221,Badami,Chennapatna,30,300.7,71.95,84.41,99.85,430,750,320,green yellow,mature,none,"lenticels with certain shoulder development, black spots near stem",7.1,not prominent,0.9406,0.9396875,artificial
29-05-2023,01-06-2023,222,Badami,Chennapatna,30,313,73.72,86.21,103.23,430,770,340,green with red blush,immature/mature,none,"lenticels with certain shoulder development, black spot on side B",7.1,yes,0.9406,0.920588235,artificial
29-05-2023,02-06-2023,223,Badami,Chennapatna,31,241.3,67.38,77.59,94.57,420,660,240,green,immature/mature,none,"lenticels, woody texture on shoulders and spots around stem",7.1,yes,0.9406,1.005416667,artificial
29-05-2023,02-06-2023,224,Badami,Chennapatna,31,234.6,68.05,76.7,90.32,415,660,245,green,immature/mature,none,"lenticels with certain shoulder development, spot near apex and around stem",7.6,yes,0.9406,0.95755102,artificial
29-05-2023,02-06-2023,225,Badami,Chennapatna,31,219.8,69.35,74.03,87.05,410,640,230,green,immature/mature,spots and twig/insect damage,"lenticels with certain shoulder development, insect/twig damage on A side and sap burn on B side",7.6,yes,0.9406,0.955652174,artificial
29-05-2023,02-06-2023,226,Badami,Chennapatna,31,300.6,73.98,83.11,101.29,410,730,320,green with little yellow,immature/mature,spots,"lenticels with certain shoulder development, woody damage and sap burn around stem, spots on A and B side",9.7,yes,0.9406,0.939375,artificial
29-05-2023,02-06-2023,227,Badami,Chennapatna,31,329,72.69,87.57,105.94,410,750,340,green with little yellow,immature/mature,translucent sap,"lenticels with certain shoulder development, translucent sap on B side",6.9,yes,0.9406,0.967647059,artificial
29-05-2023,02-06-2023,228,Badami,Chennapatna,31,215,63.75,70.54,87.54,410,630,220,green with little yellow,immature,black spots,lenticels with shoulder development,10.1,yes,0.935238095,0.977272727,natural
29-05-2023,02-06-2023,229,Badami,Chennapatna,31,226.3,68.93,74.97,88.13,410,640,230,green,immature/mature,black spots,lenticels with little shoulder development,7.6,yes,0.935238095,0.983913043,natural
29-05-2023,02-06-2023,230,Badami,Chennapatna,31,258.8,70.8,78.79,95.17,410,680,270,green with yellow blash,immature/mature,black spots,lenticels with little shoulder development,7.2,not prominent,0.935238095,0.958518519,natural
29-05-2023,02-06-2023,231,Badami,Chennapatna,31,227.3,67.08,75.79,94.67,400,640,240,green,immature/mature,none,"lenticels with sholder, spots on B side",7.8,yes,0.935238095,0.947083333,natural
29-05-2023,02-06-2023,232,Badami,Chennapatna,31,248.5,68.06,79.62,92.69,400,660,260,green with little yellow,immature/mature,none,lenticels with sholder black spots at stem,10.2,not prominent,0.935238095,0.955769231,natural
29-05-2023,05-06-2023,233,Badami,Chennapatna,32,234.6,69.68,77.19,90.74,520,770,250,green with light yellow,"immature/mature, ripened",marks,"lenticels with little shoulder development, cut marks on B side and spots on A side",7.6,yes,0.945557692,0.9384,artificial
29-05-2023,05-06-2023,234,Badami,Chennapatna,32,256.6,69.27,77.49,94.03,520,790,270,green with little yellow,immature/mature,black spots,"lenticels with little shoulder development, spots on B side",7.5,yes,0.945557692,0.95037037,artificial
29-05-2023,05-06-2023,235,Badami,Chennapatna,32,247,67.69,77.93,97.08,520,780,260,green with little yellow,"immature/mature, ripened",black spots,"lenticels with little shoulder development, sap burn on B side and marks on A side",7.5,no,0.945557692,0.95,artificial
29-05-2023,05-06-2023,236,Badami,Chennapatna,32,381.7,78.89,89.91,109.5,520,915,395,green with yellow,"immature/mature, ripened",none,lenticels with little shoulder development,6.3,yes,0.945557692,0.966329114,artificial
29-05-2023,05-06-2023,237,Badami,Chennapatna,32,320.4,70.85,88.58,107.42,520,850,330,green with little yellow,"immature/mature, ripened",spots,"lenticels with certain shoulder development, spots on A side",7.1,yes,0.945557692,0.970909091,artificial
29-05-2023,05-06-2023,238,Badami,Chennapatna,32,255.8,68.93,79.91,95.07,510,780,270,green with yellow blush,immature/mature,none,lenticels with little shoulder development,7.5,yes,0.945557692,0.947407407,artificial
29-05-2023,06-06-2023,239,Badami,Chennapatna,33,277.4,69.58,81.1,97.5,490,770,280,yellow with little green,"immature/mature, rippen",none,"lenticels with black spots, shoulder development",10.1,yes,0.944081633,0.990714286,artificial
29-05-2023,06-06-2023,240,Badami,Chennapatna,33,213.8,65,71.94,91.84,490,710,220,green,immature/mature,none,"lenticels with black spots on B side, shoulder development",7.9,not prominent,0.944081633,0.971818182,artificial
29-05-2023,06-06-2023,241,Badami,Chennapatna,33,228.8,67.91,72.82,91.17,490,730,240,green,immature/mature,none,lenticels with little shoulder development,10.6,yes,0.944081633,0.953333333,artificial
29-05-2023,06-06-2023,242,Badami,Chennapatna,33,221.1,67.13,74.17,90.27,485,720,235,green with yellow blush,"immature/mature, ripened",none,"lenticels with little shoulder development, black spots near stem",7.7,not prominent,0.944081633,0.940851064,artificial
29-05-2023,06-06-2023,243,Badami,Chennapatna,33,187.6,57.92,70.89,87.94,485,680,195,yellow with little green,"immature/mature, ripened",near stem,lenticels with little shoulder development,8.5,not prominent,0.944081633,0.962051282,artificial
29-05-2023,06-06-2023,244,Badami,Chennapatna,33,214.2,69.78,71.74,88.79,480,700,220,green with little yellow blush,"immature/mature, ripened",none,"lenticels with little shoulder development, black spots on A side",7.8,no,0.944081633,0.973636364,natural
29-05-2023,06-06-2023,245,Badami,Chennapatna,33,236.7,65.97,74.58,95.07,480,730,250,green,immature/mature,none,"lenticels with little shoulder development, green line on b side",7.8,yes,0.944081633,0.9468,natural
29-05-2023,06-06-2023,246,Badami,Chennapatna,33,237.3,70.43,77.4,92.83,480,725,245,green,immature/mature,none,"lenticels with little shoulder development, black spots on A side",7.7,yes,0.944081633,0.968571429,natural
29-05-2023,06-06-2023,247,Badami,Chennapatna,33,299.1,72.52,78.63,105.14,480,790,310,green,immature/mature,none,lenticels with little shoulder development,7.2,yes,0.944081633,0.96483871,natural
29-05-2023,06-06-2023,248,Badami,Chennapatna,33,275.2,66.71,74.6,106.14,480,760,280,green and little yellow + red blush,immature/mature,none,lenticels with little shoulder development,7.5,yes,0.944081633,0.982857143,natural
29-05-2023,07-06-2023,249,Badami,Chennapatna,34,236.3,68.03,72.87,95.31,470,710,240,green with little yellow,"immature/mature, ripened",none,"lenticels with little shoulder development, spots around stem",10.4,yes,0.926382979,0.984583333,artificial
29-05-2023,07-06-2023,250,Badami,Chennapatna,34,211.3,67.81,73.26,87.51,465,680,215,green with yellow,"immature/mature, ripened",lenticel damage,lenticel damage with shoulder development,10.6,yes,0.926382979,0.982790698,artificial
29-05-2023,07-06-2023,251,Badami,Chennapatna,34,214.4,66.14,72.17,90.46,460,680,220,green with yellow,"immature/mature, ripened",black spots,"lenticels, black spots on B side",7.9,yes,0.926382979,0.974545455,artificial
29-05-2023,07-06-2023,252,Badami,Chennapatna,34,225.2,66.44,74.81,90.47,460,700,240,green with yellow,"immature/mature, ripened",spots,"lenticels with little shoulder development, sap burn around stem",10.4,yes,0.926382979,0.938333333,artificial
29-05-2023,07-06-2023,253,Badami,Chennapatna,34,231.6,68.28,77.86,92.13,460,700,240,green with yellow,"immature/mature, ripened",none,"lenticels with little shoulder development, spots around stem and near apex",10.3,yes,0.926382979,0.965,natural
29-05-2023,07-06-2023,254,Badami,Chennapatna,34,233.5,68.09,74.68,92.28,450,700,250,green with yellow,"immature/mature, ripened",spots,"lenticels with little shoulder development, spots around stem",7.7,yes,0.926382979,0.934,natural
29-05-2023,07-06-2023,255,Badami,Chennapatna,34,179.2,61.82,69.81,81.74,450,640,190,green,immature/mature,none,"lenticels, black spots around stem",8.3,yes,0.926382979,0.943157895,natural
29-05-2023,07-06-2023,256,Badami,Chennapatna,34,305.6,75.27,82.89,104.99,450,770,320,green with yellow,"immature/mature, ripened",lenticel damage,lenticel damage with shoulder development,7,yes,0.926382979,0.955,natural
29-05-2023,07-06-2023,257,Badami,Chennapatna,34,228.8,68.5,70.68,90.94,450,700,250,green with little yellow,immature/mature,none,"lenticels with little shoulder development, black scab near B side",7.7,not prominent,0.926382979,0.9152,natural
29-05-2023,07-06-2023,258,Badami,Chennapatna,34,262.9,72.39,80.64,96.86,450,730,280,green,immature/mature,none,"lenticels with little shoulder development, spots around stem",7.3,yes,0.926382979,0.938928571,natural
29-05-2023,08-06-2023,259,Badami,Chennapatna,35,225.6,67.63,74.55,90.45,500,730,230,green with yellow blush,"immature/mature, ripened",none,"lenticels with little shoulder development, spots around A,B side",7.9,not prominent,0.9382,0.980869565,natural
29-05-2023,08-06-2023,260,Badami,Chennapatna,35,243.5,66.81,72.2,99.34,500,750,250,red with little green and blush,"immature/mature, ripened",none,"lenticels with little shoulder development, spots around A,B side",7.6,yes,0.9382,0.974,natural
29-05-2023,08-06-2023,261,Badami,Chennapatna,35,197.7,64.2,68.31,88.61,500,700,200,green with red blush,immature/mature,none,lenticels with little shoulder development,8.2,yes,0.9382,0.9885,natural
29-05-2023,08-06-2023,262,Badami,Chennapatna,35,220.4,66.34,73.21,91.6,500,730,230,green,immature/mature,none,lenticels with little shoulder development,7.9,no,0.9382,0.95826087,natural
29-05-2023,08-06-2023,263,Badami,Chennapatna,35,207.7,66.76,72.17,87.22,490,710,220,green with yellow blush,immature/mature,none,lenticels with little shoulder development,8.1,not prominent,0.9382,0.944090909,natural
29-05-2023,08-06-2023,264,Badami,Chennapatna,35,209.1,64.46,68.92,89.96,490,705,215,green with yellow blush,immature/mature,none,"lenticels with little shoulder development, spots around A side",8,yes,0.9382,0.97255814,natural
29-05-2023,08-06-2023,265,Badami,Chennapatna,35,209,64.19,73.04,89.44,490,710,220,green,immature/mature,none,"lenticels with little shoulder development, spots around stem",8,no,0.9382,0.95,natural
29-05-2023,08-06-2023,266,Badami,Chennapatna,35,203.3,64.36,72.02,88.48,485,700,215,green with little yellow,"immature/mature, ripened",none,"lenticels with little shoulder development, spots around stem",8.1,not prominent,0.9382,0.945581395,natural
29-05-2023,08-06-2023,267,Badami,Chennapatna,35,222.1,68.02,71.81,88.51,480,720,240,yellow with little green (with red blush),"immature/mature, ripened",none,"lenticels with little shoulder development, spots around stem",7.8,yes,0.9382,0.925416667,natural
29-05-2023,08-06-2023,268,Badami,Chennapatna,35,229.8,66.63,76.72,91.79,480,725,245,green with little yellow blush,immature/ mature,none,"lenticel with shoulder development , spots near stem",7.8,no,0.9382,0.937959184,natural
29-05-2023,09-06-2023,269,Badami,Chennapatna,36,235.1,66.83,75.8,93.17,460,710,250,green with little yellow,"immature/mature, ripened",none,lenticels with shoulder development,7.7,yes,0.925319149,0.9404,natural
07-06-2023,09-06-2023,270,Badami,Chennapatna,36,275,69.99,80.86,97.52,460,695,235,yellow with green,"immature/mature, ripened",near stem,lenticels with shoulder development,7.3,not prominent,0.925319149,1.170212766,natural
07-06-2023,09-06-2023,271,Badami,Chennapatna,36,233,66.36,76.59,94.92,455,700,245,yellow with little green,"immature/mature, ripened",none,"lenticel with shoulder development , spots near stem",7.8,no,0.925319149,0.951020408,natural
07-06-2023,09-06-2023,272,Badami,Chennapatna,36,258.7,68.45,76.26,97.35,450,730,280,yellow with little green blush,"immature/mature, ripened",none,lenticels with shoulder development,7.4,not prominent,0.925319149,0.923928571,natural
07-06-2023,09-06-2023,273,Badami,Chennapatna,36,210.9,61.87,74.95,89.06,450,680,230,yellow,"immature/mature, ripened",none,"lenticel with shoulder development , spots near stem",8.2,no,0.925319149,0.916956522,natural
07-06-2023,09-06-2023,274,Badami,Chennapatna,36,213.9,66.67,74.49,87.66,450,680,230,yellow with little green,"immature/mature, ripened",none,"lenticel with shoulder development , spots near stem",7.9,no,0.925319149,0.93,natural
07-06-2023,09-06-2023,275,Badami,Chennapatna,36,187.3,62.35,72.56,84.41,450,640,190,yellow with little green,"immature/mature, ripened",near calyx,"lenticel with small  shoulder development , damage near calyx",8.4,no,0.925319149,0.985789474,natural
07-06-2023,09-06-2023,276,Badami,Chennapatna,36,230.7,65.42,72.48,92.39,445,690,245,yellow,"immature/mature, ripened",near stem,"lenticel with shoulder development , spots on A and B side",7.8,no,0.925319149,0.941632653,natural
07-06-2023,09-06-2023,277,Badami,Chennapatna,36,220.7,65.85,71.39,92.2,445,680,235,yellow,"immature/mature, ripened",damage on Bside,"lenticel with small  shoulder development , damage on B side , spots near nose",8,no,0.925319149,0.939148936,natural
07-06-2023,09-06-2023,278,Badami,Chennapatna,36,220.7,66.28,72.26,89.98,440,680,240,green with little yellow,"immature/mature, ripened",damage near stem,"lenticel with small  shoulder development , spots near stem",7.6,yes,0.925319149,0.919583333,natural
07-06-2023,13-06-2023,279,Badami,Chennapatna,37,181.9,63.44,70.9,85.95,400,590,190,green,immature/mature,damage near stem,lenticels with shoulderr development,7.9,not prominent,0.9365,0.957368421,FF Control
07-06-2023,13-06-2023,280,Badami,Chennapatna,37,219.3,66.33,69.04,95.86,400,630,230,green with yellow blush,immature/mature,damage near stem,"lenticels with shoulderr development, black spots near stem",7.6,yes,0.9365,0.953478261,FF Control
07-06-2023,13-06-2023,281,Badami,Chennapatna,37,255,70.42,74.39,98.06,400,670,270,green,immature/mature,none,"lenticels with shoulderr development, black spots near stem",8.2,yes,0.9365,0.944444444,FF Control
07-06-2023,13-06-2023,282,Badami,Chennapatna,37,210.3,62.91,73.01,91.72,400,620,220,green with little yellow blush,"immature/mature , ripened",none,lenticels with shoulderr development,7.9,yes,0.9365,0.955909091,FF Control
07-06-2023,13-06-2023,283,Badami,Chennapatna,37,198.7,62.81,71.61,90.98,400,610,210,green,immature/mature,none,"lenticels with shoulderr development, black spots near stem",8.1,no,0.9365,0.946190476,FF Control
07-06-2023,13-06-2023,284,Badami,Chennapatna,37,257.9,68.31,76.38,100.1,390,670,280,green,immature/mature,none,"lenticels with shoulderr development, black spots near stem",8,yes,0.9365,0.921071429,FF Control
07-06-2023,13-06-2023,285,Badami,Chennapatna,37,214.3,63.3,73.55,92.92,390,620,230,green,immature/mature,none,"lenticels with shoulderr development, black spots near stem",8,yes,0.9365,0.93173913,FF Control
07-06-2023,13-06-2023,286,Badami,Chennapatna,37,257.8,67.45,76.72,93.68,390,670,280,green,immature/mature,damage near stem,"lenticels with shoulderr development, black spots near stem",8.1,yes,0.9365,0.920714286,FF Control
07-06-2023,13-06-2023,287,Badami,Chennapatna,37,,65.08,71.2,93.24,0,0,0,,immature/mature,,,7.8,,0.9365,,FF Control
07-06-2023,13-06-2023,288,Badami,Chennapatna,37,189.8,63.97,69.06,89.09,390,590,200,green with yellow blush,immature/mature,damage near stem,"lenticels with shoulderr development, black spots",7.8,yes,0.9365,0.949,FF Control
13-06-2023,14-06-2023,289,Badami,localmarket,38,187.2,61.75,69.51,85.37,380,570,190,yellow with little green at beak,"immature/mature , ripened",none,"lenticels with shoulderr development, black spots",8.3,yes,0.918947368,0.985263158,
13-06-2023,14-06-2023,290,Badami,localmarket,38,227,67.79,73.58,88.43,380,600,220,yellow with little green at beak,"immature/mature , ripened",small damage on Bside,"lenticels with shoulderr development, black spots near stem",7.5,yes,0.918947368,1.031818182,
13-06-2023,14-06-2023,291,Badami,localmarket,38,228.1,65.44,73.71,88.63,375,610,235,yellow with little green,"immature/mature , ripened",none,"lenticels with shoulder development, black spots ",7.8,not prominent,0.918947368,0.970638298,
13-06-2023,14-06-2023,292,Badami,localmarket,38,228.6,65.15,71.47,91.06,370,600,230,yellow with little green blush,"immature/mature , ripened",none,"lenticels with shoulder development, black spots ",7.6,yes,0.918947368,0.993913043,
13-06-2023,14-06-2023,293,Badami,localmarket,38,205.7,62.01,70.28,88.65,370,575,205,yellow,"immature/mature , ripened",none,"lenticels with shoulder development, black spots ",8.2,yes,0.918947368,1.003414634,
13-06-2023,14-06-2023,294,Badami,localmarket,38,215.1,63.76,71.54,89.29,370,590,220,yellow,"immature/mature , ripened",damage on A side,"lenticels with shoulder development, black spots on A side",7.9,no,0.918947368,0.977727273,
13-06-2023,14-06-2023,295,Badami,Chennapatna,38,197.3,61.46,67.22,86.71,370,570,200,yellow,"immature/mature , ripened",none,"lenticels with shoulder development, black spots ",8.3,no,0.918947368,0.9865,
13-06-2023,14-06-2023,296,Badami,Chennapatna,38,258,66.88,76.39,94.26,360,630,270,yellow,"immature/mature , ripened",none,"lenticels with shoulder development, black spots near stem, wrinkled and rough skin",7.7,no,0.918947368,0.955555556,
13-06-2023,14-06-2023,297,Badami,Chennapatna,38,220.8,65.47,73.75,90.63,365,595,230,yellow,"immature/mature , ripened",damage near stem,"lenticels with shoulderr development, black spots near stem",7.9,no,0.918947368,0.96,
13-06-2023,14-06-2023,298,Badami,Chennapatna,38,276.8,71.36,78.65,95.04,365,650,285,yellow,"immature/mature , ripened",damage near stem,"lenticels with shoulderr development, black spots near stem",7.3,no,0.918947368,0.97122807,
13-06-2023,15-06-2023,299,Badami,Chennapatna,39,208.2,62.45,71.67,90.64,640,850,210,yellow with little green,"immature/mature , ripened",damage near stem,"lenticels with shoulderr development, black spots near stem",8.1,not prominent,0.93734375,0.991428571,
13-06-2023,15-06-2023,300,Badami,Chennapatna,40,179.8,61.72,68.3,89.11,635,830,195,yellow with little green,"immature/mature , ripened",none,"lenticels with shoulderr development, black spots near stem",8.2,no,0.93734375,0.922051282,
13-06-2023,15-06-2023,301,Badami,Chennapatna,41,187.1,62.37,70.43,93.83,635,850,215,yellow,"immature/mature , ripened",none,"lenticels with shoulderr development, black spots",8,not prominent,0.93734375,0.870232558,
13-06-2023,15-06-2023,302,Badami,Chennapatna,42,223.1,63.55,71.58,96.86,630,870,240,yellow with little green,"immature/mature , ripened",black line on A side,"lenticels with shoulderr development, black spots",7.9,no,0.93734375,0.929583333,
13-06-2023,15-06-2023,303,Badami,Chennapatna,43,211.5,64.19,72.77,90.05,630,850,220,yellow,"immature/mature , ripened",none,"lenticels with shoulderr development, black spots",7.9,not prominent,0.93734375,0.961363636,
13-06-2023,15-06-2023,304,Badami,localmarket,44,192.2,63.45,64.44,86.7,630,820,190,yellow,"immature/mature , ripened",damage near stem,"lenticels with shoulderr development, black spots near stem",8.1,yes,0.93734375,1.011578947,
13-06-2023,15-06-2023,305,Badami,localmarket,45,173.3,61.14,64.17,82.5,630,800,170,yellow,"immature/mature , ripened",none,"lenticels with shoulderr development, black spots near stem",8.3,yes,0.93734375,1.019411765,
13-06-2023,15-06-2023,306,Badami,localmarket,46,179.5,59.08,69.29,85.29,630,810,180,yellow with little green and red blush,"immature/mature , ripened",none,lenticels with shoulderr development,8.3,yes,0.93734375,0.997222222,
13-06-2023,15-06-2023,307,Badami,localmarket,47,190.5,59.9,69.69,86.01,625,810,185,yellow,"immature/mature , ripened",none,"lenticels with shoulderr development, black spots",8.3,not prominent,0.93734375,1.02972973,
14-06-2023,16-06-2023,308,Badami,Chennapatna,48,228.9,63.63,74.48,93.13,620,840,220,yellow,"immature/mature , ripened",damage near stem,"lenticels with shoulderr development, black spots",8,not prominent,0.924354839,1.040454545,
14-06-2023,16-06-2023,309,Badami,Chennapatna,48,308.9,73.83,84.91,101.52,610,935,325,yellow,"immature/mature , ripened",damage near callyx,"lenticels with shoulderr development, black spots",7.1,yes,0.924354839,0.950461538,
14-06-2023,16-06-2023,310,Badami,Chennapatna,48,182.4,60,67.72,86.23,610,800,190,yellow with little green,"immature/mature , ripened",none,"lenticels with shoulderr development, black spots near stem",8.9,yes,0.924354839,0.96,
14-06-2023,16-06-2023,311,Badami,Chennapatna,48,249.4,67.28,71.93,95.98,610,860,250,yellow with little green,"immature/mature , ripened",none,"lenticels with shoulderr development, black spots near stem",7.8,not prominent,0.924354839,0.9976,
14-06-2023,16-06-2023,312,Badami,Chennapatna,48,268.2,64.01,75.25,104.67,600,880,280,yellow with little green,"immature/mature , ripened",none,"lenticels with shoulderr development, black spots on A and B side",7.7,a,0.924354839,0.957857143,
14-06-2023,16-06-2023,313,Badami,Chennapatna,48,255.1,67.44,78.96,96.46,600,865,265,yellow with little green,"immature/mature , ripened",none,"lenticels with shoulderr development, black spots on A side",7.8,no,0.924354839,0.962641509,
14-06-2023,16-06-2023,314,Badami,Chennapatna,48,254.5,68.67,70.42,101.44,600,865,265,yellow with little green,"immature/mature , ripened",none,"lenticels with shoulderr development, black spots near stem",7.5,not prominent,0.924354839,0.960377358,
14-06-2023,16-06-2023,315,Badami,Chennapatna,48,261.8,70.62,75.49,93.53,600,870,270,yellow with little green,"immature/mature , ripened",none,"lenticels with little shoulder development, black spots near stem",7.5,not prominent,0.924354839,0.96962963,
14-06-2023,16-06-2023,316,Badami,Chennapatna,48,254.2,69.17,78.2,96.41,590,850,260,yellow with little green,"immature/mature , ripened",none,"lenticels with little shoulder development, black spots near stem",7.6,no,0.924354839,0.977692308,
15-06-2023,19-06-2023,317,Badami,Chennapatna,49,264.2,64.76,75.36,99.34,560,820,260,yellow with little green,"immature/mature , ripened",damage near csallyx,"lenticels with little shoulder development, black spots near stem",7.4,yes,0.93,1.016153846,
15-06-2023,19-06-2023,318,Badami,Chennapatna,49,268.1,69.83,78.97,96.62,560,820,260,yellow,"immature/mature , ripened",none,"lenticels with little shoulder development, black spots near stem",7.3,yes,0.93,1.031153846,
15-06-2023,19-06-2023,319,Badami,Chennapatna,49,256.9,68.61,74.59,98.05,560,810,250,yellow with little green,"immature/mature , ripened",none,lenticels with little shoulder development.,7.4,yes,0.93,1.0276,
15-06-2023,19-06-2023,320,Badami,Chennapatna,49,247.3,65.53,73.39,98.5,560,800,240,yellow,"immature/mature , ripened",none,lenticels with little shoulder development.,7.6,yes,0.93,1.030416667,
15-06-2023,19-06-2023,321,Badami,Chennapatna,49,244.7,67.06,73.51,94.04,550,795,245,yellow,"immature/mature , ripened",none,lenticels with little shoulder development.,7.8,not prominent,0.93,0.99877551,
15-06-2023,19-06-2023,322,Badami,Chennapatna,49,209.7,65.53,69.07,88.73,550,760,210,yellow,"immature/mature , ripened",none,"lenticels with little shoulder development, black spots near stem",8.1,yes,0.93,0.998571429,
19-06-2023,20-06-2023,323,Badami,Chennapatna,50,263.6,69.01,80.74,97.4,530,800,270,green with yellow,"immature/mature , ripened",none,"lenticels with little shoulder development, black spots near stem",7.3,no,0.937735849,0.976296296,
19-06-2023,20-06-2023,324,Badami,Chennapatna,50,263.9,69.76,82.22,95.81,530,800,270,yellow withg little green,"immature/mature , ripened",none,"lenticels with little shoulder development, black spots near stem",7.4,not prominent,0.937735849,0.977407407,
19-06-2023,20-06-2023,325,Badami,Chennapatna,50,201.8,63.94,69.55,88.06,530,740,210,yellow withg little green,"immature/mature , ripened",none,"lenticels with little shoulder development, black spots near stem",7.9,yes,0.937735849,0.960952381,
19-06-2023,20-06-2023,326,Badami,Chennapatna,50,263.7,70.1,79.19,97.63,525,800,275,yellow withg little green,"immature/mature , ripened",damage near stem,"lenticels with little shoulder development, black spots near stem",7.4,no,0.937735849,0.958909091,
19-06-2023,20-06-2023,327,Badami,Chennapatna,50,267.7,71.88,78.61,94.16,525,800,275,yellow withg little green blush,"immature/mature , ripened",none,"lenticels with little shoulder development, less black spots near stem",7.2,no,0.937735849,0.973454545,
19-06-2023,20-06-2023,328,Badami,Chennapatna,50,285.3,71.73,84.21,99.3,520,820,300,green with yelloew,"immature/mature , ripened",none,"lenticels with little shoulder development, black spots on B side",7.3,not prominent,0.937735849,0.951,
19-06-2023,20-06-2023,329,Badami,Chennapatna,50,169,62.59,67.29,79.92,520,700,180,green with yelloew,"immature/mature , ripened",damage near callyx,"lenticels with little shoulder development, black spots near stem and callyx",8.4,no,0.937735849,0.938888889,
19-06-2023,20-06-2023,330,Badami,Chennapatna,50,250.6,68.16,78.49,96.73,520,790,270,yellow with green,"immature/mature , ripened",none,"lenticels with little shoulder development, less black spots near stem",7.5,no,0.937735849,0.928148148,
19-06-2023,20-06-2023,331,Badami,Chennapatna,50,200.2,65.29,70.57,89.28,520,730,210,yellow with little green ands red blush,"immature/mature , ripened",none,"lenticels with little shoulder development, black spots near stem",8,no,0.937735849,0.953333333,
19-06-2023,20-06-2023,332,Badami,Chennapatna,50,185.8,60.72,70.24,84.69,520,710,190,yellow with little green blush,"immature/mature , ripened",none,"lenticels with little shoulder development, black spots near stem",8.4,yes,0.937735849,0.977894737,
19-06-2023,21-06-2023,333,Badami,Chennapatna,51,373.3,77.11,82.95,109.83,590,970,380,yellow,"immature/mature , ripened",none,"lenticels with little shoulder development, black spots shoulder",6.4,yes,0.933559322,0.982368421,
19-06-2023,21-06-2023,334,Badami,Chennapatna,51,155.4,58.29,66.39,77.36,585,745,160,yellow with very  little green ,"immature/mature , ripened",none,"lenticels with little shoulder development, black spots near stem",8.6,not prominent,0.933559322,0.97125,
19-06-2023,21-06-2023,335,Badami,Chennapatna,51,242.5,66.26,70.87,98.3,585,830,245,yellow,"immature/mature , ripened",none,lenticels with little shoulder development,7.8,yes,0.933559322,0.989795918,
19-06-2023,21-06-2023,336,Badami,Chennapatna,51,197.6,62.35,69.45,88.5,580,790,210,yellow with little green ands red blush,"immature/mature , ripened",none,"lenticels with little shoulder development, black spots shoulder",7.8,not prominent,0.933559322,0.940952381,
19-06-2023,21-06-2023,337,Badami,Chennapatna,51,229.6,65.26,73.46,90.43,580,820,240,yellow with little green blush,"immature/mature , ripened",none,"lenticels with little shoulder development, black spots near callyx",7.7,no,0.933559322,0.956666667,
19-06-2023,21-06-2023,338,Badami,Chennapatna,51,212.4,63.27,70.98,91.13,580,800,220,yellow with little green,"immature/mature , ripened",none,lenticels with little shoulder development,8,yes,0.933559322,0.965454545,
21-06-2023,22-06-2023,339,Badami,Chennapatna,52,231.3,65.72,72.34,91.23,560,800,240,yellow with little green,"immature/mature , ripened",none,"lenticels with little shoulder development, black spots near stem",7.8,no,0.936071429,0.96375,
21-06-2023,22-06-2023,340,Badami,Chennapatna,52,294,67.27,79.53,102.29,560,860,300,yellow with little green blush,"immature/mature , ripened",none,"lenticels with little shoulder development, black spots near stem",7.4,no,0.936071429,0.98,
21-06-2023,22-06-2023,341,Badami,Chennapatna,52,269.7,68.56,79.11,95.43,560,840,280,yellow with little red blush,"immature/mature , ripened",damage on B side,lenticels with little shoulder development,7.3, not prominent,0.936071429,0.963214286,
21-06-2023,22-06-2023,342,Badami,Chennapatna,52,214.5,62.48,74.28,90.39,560,780,220,yellow with little green and red blush,"immature/mature , ripened",none,lenticels with little shoulder development,7.9,no,0.936071429,0.975,
21-06-2023,22-06-2023,343,Badami,Chennapatna,52,187.1,62.06,67.48,86.3,555,750,195,yellow with little green and little red blush,"immature/mature , ripened",none,lenticels with little shoulder development,8.3,no,0.936071429,0.959487179,
21-06-2023,22-06-2023,344,Badami,Chennapatna,52,275.6,69.07,80.21,100.64,555,840,285,yellow with little green,"immature/mature , ripened",none,"lenticels with little shoulder development, black spots near stem",7.2,no,0.936071429,0.967017544,
21-06-2023,22-06-2023,345,Badami,Chennapatna,52,205.5,62.79,71.07,88.53,550,760,210,yellow with little green and little red blush,"immature/mature , ripened",none,"lenticels with little shoulder development, black spots on B side",8.1,no,0.936071429,0.978571429,
21-06-2023,22-06-2023,346,Badami,Chennapatna,52,219.1,65.39,71.69,88.72,550,780,230,yellow with green,"immature/mature , ripened",none,"lenticels with little shoulder development, black spots on A and B side",7.8, not prominent,0.936071429,0.952608696,
21-06-2023,22-06-2023,347,Badami,Chennapatna,52,206.9,62.8,72.7,86.47,550,760,210,yellow with little green and little red blush,"immature/mature , ripened",none,"lenticels with little shoulder development, black spots near stem",8,no,0.936071429,0.985238095,
21-06-2023,22-06-2023,348,Badami,Chennapatna,52,216.4,62.6,70.99,94.46,535,765,230,yellow with little green and little red blush,"immature/mature , ripened",none,"lenticels with little shoulder development, black spots on A side",8.1,yes,0.936071429,0.940869565,
